{
  "epoch_accuracies": [
    52.34,
    84.17666666666666,
    92.06833333333333,
    94.58166666666666,
    95.83666666666667,
    96.54166666666667,
    97.24166666666666,
    97.62,
    98.095,
    98.4
  ],
  "training_parameters": {
    "epochs": 10,
    "learning_rate": 0.00025,
    "optimizer": "AdamW",
    "scheduler": "CosineAnnealingLR",
    "weight_decay": 0.05,
    "criterion": "CrossEntropyLoss",
    "gradient_clipping": 1.0,
    "early_stopping": true,
    "patience": 5
  }
}