{
  "mnist": {
    "ResNet18": {
      "clean_acc": 99.7,
      "robust_acc": {
        "0.00392156862745098": 9.7,
        "0.00784313725490196": 9.7,
        "0.01568627450980392": 9.7,
        "0.03137254901960784": 9.7
      },
      "untargeted_asr": {
        "0.00392156862745098": 90.3,
        "0.00784313725490196": 90.3,
        "0.01568627450980392": 90.3,
        "0.03137254901960784": 90.3
      },
      "targeted_asr_random": {
        "0.00392156862745098": 9.5,
        "0.00784313725490196": 11.2,
        "0.01568627450980392": 9.8,
        "0.03137254901960784": 9.6
      },
      "targeted_asr_least_likely": {
        "0.00392156862745098": 0.0,
        "0.00784313725490196": 0.0,
        "0.01568627450980392": 0.0,
        "0.03137254901960784": 0.0
      }
    },
    "ViT": {
      "clean_acc": 98.6,
      "robust_acc": {
        "0.00392156862745098": 33.0,
        "0.00784313725490196": 33.1,
        "0.01568627450980392": 33.1,
        "0.03137254901960784": 32.9
      },
      "untargeted_asr": {
        "0.00392156862745098": 67.0,
        "0.00784313725490196": 66.9,
        "0.01568627450980392": 66.9,
        "0.03137254901960784": 67.1
      },
      "targeted_asr_random": {
        "0.00392156862745098": 5.4,
        "0.00784313725490196": 6.7,
        "0.01568627450980392": 8.9,
        "0.03137254901960784": 7.9
      },
      "targeted_asr_least_likely": {
        "0.00392156862745098": 0.3,
        "0.00784313725490196": 0.3,
        "0.01568627450980392": 0.3,
        "0.03137254901960784": 0.2
      }
    }
  },
  "cifar10": {
    "ResNet18": {
      "clean_acc": 88.4,
      "robust_acc": {
        "0.00392156862745098": 44.5,
        "0.00784313725490196": 42.2,
        "0.01568627450980392": 38.4,
        "0.03137254901960784": 31.7
      },
      "untargeted_asr": {
        "0.00392156862745098": 55.5,
        "0.00784313725490196": 57.8,
        "0.01568627450980392": 61.6,
        "0.03137254901960784": 68.3
      },
      "targeted_asr_random": {
        "0.00392156862745098": 8.0,
        "0.00784313725490196": 7.1,
        "0.01568627450980392": 8.0,
        "0.03137254901960784": 10.1
      },
      "targeted_asr_least_likely": {
        "0.00392156862745098": 0.4,
        "0.00784313725490196": 0.4,
        "0.01568627450980392": 0.6,
        "0.03137254901960784": 1.2
      }
    },
    "ViT": {
      "clean_acc": 79.8,
      "robust_acc": {
        "0.00392156862745098": 35.0,
        "0.00784313725490196": 34.2,
        "0.01568627450980392": 31.7,
        "0.03137254901960784": 28.6
      },
      "untargeted_asr": {
        "0.00392156862745098": 65.0,
        "0.00784313725490196": 65.8,
        "0.01568627450980392": 68.3,
        "0.03137254901960784": 71.4
      },
      "targeted_asr_random": {
        "0.00392156862745098": 7.3,
        "0.00784313725490196": 6.8,
        "0.01568627450980392": 10.3,
        "0.03137254901960784": 10.9
      },
      "targeted_asr_least_likely": {
        "0.00392156862745098": 0.9,
        "0.00784313725490196": 1.1,
        "0.01568627450980392": 1.2,
        "0.03137254901960784": 1.5
      }
    }
  }
}